{
  "config": {
    "batch_size": 16,
    "num_epochs": 5,
    "learning_rate": 0.0001,
    "num_workers": 0,
    "image_size": 512,
    "model_name": "efficientnet_b3",
    "save_dir": "checkpoints",
    "random_state": 42
  },
  "best_val_acc": 0.9958333333333333,
  "test_results": {
    "accuracy": 0.9916666666666667,
    "precision": 0.9918253084441153,
    "recall": 0.9916666666666667,
    "f1": 0.9916479944495775,
    "precision_per_class": [
      0.975609756097561,
      0.9917355371900827,
      0.9836065573770492,
      1.0,
      1.0,
      1.0
    ],
    "recall_per_class": [
      1.0,
      1.0,
      1.0,
      0.9833333333333333,
      0.9666666666666667,
      1.0
    ],
    "f1_per_class": [
      0.9876543209876543,
      0.995850622406639,
      0.9917355371900827,
      0.9915966386554622,
      0.9830508474576272,
      1.0
    ]
  },
  "class_names": [
    "광선각화증",
    "기저세포암",
    "멜라닌세포모반",
    "보웬병",
    "악성흑색종",
    "혈관종"
  ],
  "timestamp": "2025-11-18T16:01:25.076800"
}